developer,Installs,Avg_Rating,inv_Global_rank,inv_Rank,containsAds,Counts
Google LLC,0.47368421052631576,0.6923076923076921,0.19025106837606837,0.04352226720647774,0.0,57.0
"Samsung Electronics Co.,  Ltd.",0.47368421052631576,0.7107692307692308,0.20570776255707762,0.008635541390300629,0.0,23.0
Outfit7 Limited,0.05263157894736842,0.7015384615384619,0.02678150765606596,0.05071382910718091,1.0,14.0
Motorola Mobility LLC.,0.05263157894736842,0.5969230769230771,0.009372349448685327,0.001425017594960525,0.0,10.0
Microsoft Corporation,0.7368421052631577,0.7476923076923074,0.33129340277777775,0.056918313884258165,0.0,8.0
King,0.05263157894736842,0.8523076923076927,0.09121702637889688,0.09817813765182187,1.0,7.0
ELECTRONIC ARTS,0.05263157894736842,0.6307692307692307,0.02191910966340934,0.16497975708502025,0.0,7.0
Huawei Internet Services,0.05263157894736842,0.6276923076923078,0.01145972037283622,7.199363068114426e-05,0.0,6.0
Sony Mobile Communications,0.05263157894736842,0.3846153846153846,0.002683080808080808,0.00298582995951417,0.0,5.0
Facebook,1.0,0.6246153846153848,0.44031531531531537,0.33198380566801616,0.0,5.0
Xiaomi Inc.,0.05263157894736842,0.9384615384615387,0.07814516129032258,0.0008885698145184072,0.0,5.0
Best Free Video Editor & Video Maker Dev,0.05263157894736842,0.7784615384615385,0.04423076923076924,0.04352226720647774,1.0,5.0
Miniclip.com,0.05263157894736842,0.7046153846153849,0.023256944444444448,0.053643724696356275,1.0,5.0
Supercell,0.05263157894736842,0.7661538461538462,0.12316066066066066,0.33198380566801616,0.0,5.0
Rovio Entertainment Corporation,0.05263157894736842,0.7846153846153849,0.046453488372093024,0.07505450015571473,1.0,5.0
Amazon Mobile LLC,0.05263157894736842,0.6861538461538461,0.028128760529482558,0.06477732793522267,1.0,5.0
Gameloft SE,0.05263157894736842,0.7230769230769236,0.03807846207376478,0.12322874493927126,1.0,4.0
VOODOO,0.05263157894736842,0.5507692307692311,0.009601449275362321,0.031942633637548894,1.0,4.0
Airtel,0.05263157894736842,0.5261538461538464,0.0056138306138306115,0.04807692307692309,1.0,3.0
InShot Inc.,0.05263157894736842,0.9692307692307693,0.011773905272564791,0.03376229034123771,1.0,3.0
Instagram,0.05263157894736842,0.7600000000000002,0.04078282828282828,0.03972672064777328,0.0,3.0
WhatsApp Inc.,0.05263157894736842,0.6369230769230767,0.015752180232558137,0.19838056680161947,0.0,3.0
Adobe,0.05263157894736842,0.827692307692308,0.05129310344827587,0.04352226720647774,0.0,3.0
Simple Design Ltd.,0.05263157894736842,0.9815384615384617,0.008152846534653466,0.045691150954308854,1.0,3.0
Playrix,0.05263157894736842,0.6984615384615389,0.06129807692307693,0.10931174089068825,1.0,3.0
Samsung R&D Institute India Noida,0.05263157894736842,0.6000000000000001,0.009486607142857137,0.0,0.0,3.0
Good Job Games,0.05263157894736842,0.47076923076923105,0.0044973544973545,0.029288967611336036,1.0,3.0
Reliance Corporate IT Park Limited,0.05263157894736842,0.5507692307692311,0.01114969135802469,0.12322874493927126,1.0,3.0
"Telcel, Radiomovil Dipsa S.A. de C.V.",0.05263157894736842,0.0,0.0011781011781011805,0.001016753392761699,0.5,2.0
Flipboard,0.47368421052631576,0.5846153846153848,0.16016203703703702,0.15213329180940519,1.0,2.0
Peak,0.0,0.8800000000000003,0.00025118203309693055,0.3987854251012146,0.0,2.0
First Touch Games Ltd.,0.05263157894736842,0.7046153846153849,0.0660362632084534,0.33198380566801616,1.0,2.0
Tencent Games,0.05263157894736842,0.6923076923076921,0.0584611111111111,0.07813765182186234,1.0,2.0
Halfbrick Studios,0.05263157894736842,0.7600000000000002,0.06024682971014492,0.15213329180940519,1.0,2.0
TerranDroid,0.05263157894736842,0.6923076923076921,0.02118167202572347,0.03441295546558705,1.0,2.0
Fun Games For Free,0.05263157894736842,0.6584615384615384,0.033341471354166666,0.12322874493927126,1.0,2.0
Huawei Internet  Service,0.05263157894736842,0.4492307692307693,0.006845238095238092,0.0016194331983805672,0.0,2.0
HP Inc.,0.7368421052631577,0.7076923076923078,0.30637135922330094,0.030828963960974322,0.0,2.0
AMANOTES,0.05263157894736842,0.572307692307692,0.009601449275362321,0.3987854251012146,1.0,2.0
Imangi Studios,0.2631578947368421,0.6246153846153848,0.04961755233494364,0.11586091926649203,1.0,2.0
Italic Games,0.05263157894736842,0.6646153846153844,0.017601656626506028,0.022717049032838506,1.0,2.0
Ivy,0.05263157894736842,0.6246153846153848,0.01267645719489982,0.012290341237709659,1.0,2.0
Soner Kara,0.05263157894736842,0.8061538461538462,0.09895038167938931,0.24848178137651825,1.0,2.0
LINE Corporation,0.2631578947368421,0.6523076923076925,0.06935763888888888,0.07219973009446694,1.0,2.0
Leap Fitness Group,0.0,0.9907692307692311,0.00032360406091370975,0.09817813765182187,1.0,2.0
Lion Studios,0.05263157894736842,0.47076923076923105,0.004227665165165165,0.02127859900197722,1.0,2.0
Lyrebird Studio,0.05263157894736842,0.7384615384615385,0.028358997584541065,0.03441295546558705,1.0,2.0
SUD Inc.,0.05263157894736842,0.5846153846153852,0.015603864734299519,0.03805668016194332,1.0,2.0
"SNOW, Inc.",0.2631578947368421,0.7046153846153849,0.057716049382716045,0.06954887218045112,0.0,2.0
MobiSystems,0.05263157894736842,0.6800000000000002,0.018577453987730065,0.16497975708502025,1.0,2.0
NEKKI,0.05263157894736842,0.8123076923076926,0.0777800107181136,0.12322874493927126,1.0,2.0
ANT+,1.0,0.48,0.33129340277777775,0.003277424330055909,0.0,2.0
Playgendary,0.05263157894736842,0.5076923076923081,0.006343910636615269,0.02660497397339503,1.0,2.0
Opera,0.05263157894736842,0.7938461538461539,0.07191310975609756,0.06060222672064778,1.0,2.0
Fingersoft,0.2631578947368421,0.7415384615384615,0.08854166666666667,0.1801619433198381,1.0,2.0
Perfect Mobile Corp.,0.05263157894736842,0.8338461538461539,0.06574473180076627,0.08510825558880479,1.0,2.0
BIGO TECHNOLOGY PTE. LTD.,0.05263157894736842,0.7784615384615385,0.06076958105646631,0.12322874493927126,0.0,2.0
ZeptoLab,0.05263157894736842,0.8553846153846156,0.06904673590504451,0.16497975708502025,1.0,2.0
"Uber Technologies, Inc.",0.2631578947368421,0.47384615384615403,0.03294093851132686,0.49898785425101216,0.0,2.0
Yandex Apps,0.05263157894736842,0.7138461538461538,0.024049831081081087,0.02620174488224896,1.0,2.0
imo.im,0.2631578947368421,0.6369230769230767,0.04316406249999999,0.041541982045414545,1.0,2.0
Zentertain,0.05263157894736842,0.6369230769230767,0.015091463414634146,0.042510121457489884,1.0,2.0
nerByte GmbH,0.05263157894736842,0.6553846153846155,0.015752180232558137,0.01975884527371942,1.0,2.0
Verizon Consumer Group,0.05263157894736842,0.6215384615384618,0.016506882989183874,0.009362348178137653,0.5,2.0
FDG Entertainment GmbH & Co.KG,0.05263157894736842,0.7846153846153849,0.04920873397435897,0.06262243698576465,1.0,2.0
UCWeb Singapore Pte. Ltd.,0.2631578947368421,0.6184615384615388,0.05416136556403732,0.09340659340659341,1.0,2.0
Zakeh,0.47368421052631576,0.7046153846153849,0.2160416666666667,0.19838056680161947,1.0,1.0
ZXing Team,0.05263157894736842,0.5507692307692311,0.006997991967871486,0.02660497397339503,0.0,1.0
Safe Security Develop,0.05263157894736842,0.8338461538461539,0.14604810996563572,0.49898785425101216,1.0,1.0
Z5X Global FZ LLC,0.05263157894736842,0.22461538461538444,0.0016403508771929837,0.023026315789473686,1.0,1.0
Zalo Group,0.05263157894736842,0.5753846153846154,0.0103030303030303,0.03252827027781656,0.0,1.0
SYBO Games,1.0,0.7661538461538462,1.0,1.0,1.0,1.0
Saavn Media Pvt. Ltd.,0.05263157894736842,0.5138461538461536,0.007410786699107871,0.10931174089068825,1.0,1.0
Tripadvisor,0.05263157894736842,0.7600000000000002,0.032545045045045046,0.12322874493927126,1.0,1.0
Samsung Electronics Co. Ltd,0.05263157894736842,0.563076923076923,0.007100442834138486,0.012290341237709659,0.0,1.0
Zedge,0.05263157894736842,0.7969230769230768,0.10540000000000001,1.0,1.0,1.0
Yousician Ltd.,0.0,0.9630769230769234,0.0005794137695978238,0.041541982045414545,0.0,1.0
Samsung India Electronics Ltd.,0.05263157894736842,0.5938461538461541,0.009949527491408934,0.014676113360323888,1.0,1.0
Yahoo,0.05263157894736842,0.7969230769230768,0.07459635416666667,0.06954887218045112,1.0,1.0
SayGames,0.05263157894736842,0.5938461538461541,0.010904605263157896,0.03376229034123771,1.0,1.0
Sberbank of Russia,0.05263157894736842,0.9692307692307693,0.13383413461538463,1.0,0.0,1.0
Serkan Özyılmaz,0.05263157894736842,0.37230769230769223,0.003099927060539749,0.031376518218623486,1.0,1.0
Xiaomi MIUI,0.05263157894736842,0.827692307692308,0.04246865781710914,0.005343534174803525,1.0,1.0
ShareChat,0.05263157894736842,0.7169230769230768,0.024864440639269403,0.04807692307692309,1.0,1.0
Shopee,0.0,0.870769230769231,0.0007272416153319625,0.12322874493927126,0.0,1.0
SK Communications,0.05263157894736842,0.8338461538461539,0.062372685185185184,0.09817813765182187,1.0,1.0
Runner  Games,0.05263157894736842,0.7415384615384615,0.028590909090909084,0.028340080971659923,1.0,1.0
SHAREit Technologies Co.Ltd,1.0,0.6676923076923074,0.5323924731182795,0.24848178137651825,1.0,1.0
SEGA,0.05263157894736842,0.8523076923076927,0.09895038167938931,0.12322874493927126,1.0,1.0
PhonePe,0.05263157894736842,0.7661538461538462,0.05393401015228426,0.49898785425101216,0.0,1.0
PicsArt,0.47368421052631576,0.6923076923076921,0.20244932432432433,0.49898785425101216,1.0,1.0
newborntown,0.05263157894736842,0.6615384615384614,0.022484923245614033,0.16497975708502025,1.0,1.0
PinGuo Inc.,0.05263157894736842,0.7600000000000002,0.059218189964157716,0.19838056680161947,1.0,1.0
Pinterest,0.05263157894736842,0.8646153846153846,0.11126736111111112,0.12322874493927126,1.0,1.0
Play365,0.05263157894736842,0.6923076923076921,0.019589843750000002,0.008986964452551498,1.0,1.0
mobirix,0.05263157894736842,0.6000000000000001,0.012028301886792457,0.04807692307692309,1.0,1.0
Playgendary Limited,0.05263157894736842,0.5938461538461541,0.011026824978012315,0.013391466832762381,1.0,1.0
Pretty Simple,0.05263157894736842,0.8523076923076927,0.0921346618357488,0.33198380566801616,1.0,1.0
QuVideo Inc. Best Video Editor & Video Maker App,0.05263157894736842,0.7969230769230768,0.13222222222222224,0.49898785425101216,1.0,1.0
RARLAB (published by win.rar GmbH),0.05263157894736842,0.7353846153846155,0.0252801724137931,0.013632338056680163,1.0,1.0
hua weiwei,0.05263157894736842,0.6553846153846155,0.01728418163672655,0.045691150954308854,1.0,1.0
"Retrica, Inc.",0.05263157894736842,0.7107692307692308,0.052593749999999995,0.24848178137651825,0.0,1.0
RobTop Games,0.05263157894736842,0.7169230769230768,0.0587121212121212,0.33198380566801616,1.0,1.0
eBay Mobile,0.05263157894736842,0.7538461538461543,0.04316406249999999,0.10931174089068825,1.0,1.0
Roblox Corporation,0.05263157894736842,0.7415384615384615,0.1189875730994152,0.49898785425101216,0.0,1.0
Zomato,0.05263157894736842,0.6000000000000001,0.018412334352701322,1.0,0.0,1.0
Ruby Game Studio,0.05263157894736842,0.6307692307692307,0.012415081521739126,0.007085020242914981,1.0,1.0
Sigmoid Labs and its Affiliates,0.05263157894736842,0.8215384615384616,0.056260850694444434,0.19838056680161947,0.0,1.0
Xender File Sharing Team,0.05263157894736842,0.7969230769230768,0.05003033980582523,0.053643724696356275,0.0,1.0
Words Mobile,0.05263157894736842,0.6492307692307695,0.015603864734299519,0.031376518218623486,1.0,1.0
SimSimi Inc.,0.05263157894736842,0.7292307692307696,0.04111413043478261,0.24848178137651825,1.0,1.0
Wish Inc.,0.05263157894736842,0.6984615384615389,0.08115342163355409,0.33198380566801616,0.0,1.0
Vector Unit,0.05263157894736842,0.7415384615384615,0.03151140684410646,0.06060222672064778,1.0,1.0
VMate Inc.,0.05263157894736842,0.6676923076923074,0.016354166666666663,0.03252827027781656,0.0,1.0
VK.com,0.05263157894736842,0.2430769230769232,0.002848731884057973,0.16497975708502025,1.0,1.0
Tango,0.05263157894736842,0.7230769230769236,0.04012875536480687,0.08906882591093118,0.0,1.0
Ubisoft Entertainment,0.05263157894736842,0.7661538461538462,0.08351632882882884,0.49898785425101216,1.0,1.0
Telegram FZ-LLC,0.05263157894736842,0.7846153846153849,0.06632947976878611,0.06060222672064778,0.0,1.0
UCWeb,0.05263157894736842,0.6615384615384614,0.016506882989183874,0.16497975708502025,1.0,1.0
Tencent Mobility Limited,0.05263157894736842,0.7538461538461543,0.06459517045454545,0.49898785425101216,1.0,1.0
"Twitter, Inc.",0.47368421052631576,0.7969230769230768,0.2846212121212121,1.0,1.0,1.0
The Weather Channel,0.05263157894736842,0.8523076923076927,0.06516666666666666,0.33198380566801616,1.0,1.0
TikTok Inc.,0.47368421052631576,0.8153846153846156,0.2905478395061728,0.24848178137651825,1.0,1.0
"Twitch Interactive, Inc.",0.0,0.8400000000000003,0.0,0.14112203585887798,1.0,1.0
TikTok PTE.ltd.,0.05263157894736842,0.5753846153846154,0.0084788029925187,0.018425183838717676,0.0,1.0
TikTok Pte. Ltd.,0.05263157894736842,0.7784615384615385,0.06812499999999999,0.19838056680161947,0.0,1.0
Tinder,0.05263157894736842,0.3107692307692309,0.0029320987654321007,1.0,1.0,1.0
TuneIn Inc,0.05263157894736842,0.7969230769230768,0.044592803030303024,0.06477732793522267,1.0,1.0
Toca Boca,0.05263157894736842,0.5200000000000005,0.005902777777777778,1.0,1.0,1.0
"Tumblr, Inc",0.05263157894736842,0.4523076923076923,0.005423433874709976,0.07505450015571473,1.0,1.0
TubeMote,0.05263157894736842,0.12615384615384606,0.0014077754532775405,0.013632338056680163,1.0,1.0
True Software Scandinavia AB,0.47368421052631576,0.8092307692307692,0.27890624999999997,0.14112203585887798,1.0,1.0
Top Free Games.,0.05263157894736842,0.6984615384615389,0.028824513381995126,0.08147773279352226,1.0,1.0
Sweet Selfie Inc.,0.05263157894736842,0.7784615384615385,0.03885372714486637,0.053643724696356275,1.0,1.0
Sweet Chat & Snap Apps,0.05263157894736842,0.7292307692307696,0.023849607182940512,0.017623243629435584,1.0,1.0
Verizontal Technology,0.05263157894736842,0.8646153846153846,0.0517223597359736,0.01004829032730111,1.0,1.0
Wattpad.com,0.05263157894736842,0.6492307692307695,0.023453177257525083,1.0,1.0,1.0
Skype,1.0,0.6615384615384614,0.49797979797979797,0.10931174089068825,1.0,1.0
Smule,0.05263157894736842,0.5015384615384617,0.009258671742808797,0.19838056680161947,1.0,1.0
Snap Inc,1.0,0.6984615384615389,0.6686666666666666,0.33198380566801616,1.0,1.0
Snapdeal Private Limited,0.05263157894736842,0.6184615384615388,0.013614206128133702,0.06477732793522267,1.0,1.0
Socialpoint,0.05263157894736842,0.8338461538461539,0.11375353107344634,1.0,1.0,1.0
Sofeh Sunrise,0.05263157894736842,0.6861538461538461,0.0179229797979798,0.012497799683154375,1.0,1.0
WeChat,0.05263157894736842,0.3292307692307692,0.003699074074074077,0.07505450015571473,0.0,1.0
Sony Entertainment Network,0.05263157894736842,0.6800000000000002,0.01620234604105572,0.0004196701886047204,0.0,1.0
Waze,0.05263157894736842,0.6923076923076921,0.06024682971014492,1.0,1.0,1.0
Vigo Video,0.05263157894736842,0.6430769230769231,0.013478009259259259,0.031376518218623486,1.0,1.0
Viacom18 Digital Media,0.05263157894736842,0.3353846153846156,0.0025188577586206864,0.09817813765182187,1.0,1.0
Videolabs,0.05263157894736842,0.7415384615384615,0.029296875,0.08906882591093118,0.0,1.0
Sony Pictures Networks India Pvt. Ltd,0.05263157894736842,0.3107692307692309,0.002194622507122511,0.05071382910718091,1.0,1.0
SoundCloud,0.05263157894736842,0.8092307692307692,0.0725715746421268,0.24848178137651825,1.0,1.0
VideoShow EnjoyMobi Video Editor & Video Maker Inc,0.05263157894736842,0.8523076923076927,0.10318241469816274,0.16497975708502025,1.0,1.0
Viber Media S.à r.l.,0.47368421052631576,0.6923076923076921,0.2234375,0.19838056680161947,1.0,1.0
SoundHound Inc.,0.05263157894736842,0.8523076923076927,0.05215588723051409,0.028340080971659923,1.0,1.0
Spotify Ltd.,0.47368421052631576,0.8153846153846156,0.2966981132075472,1.0,1.0,1.0
"Springwalk, Inc.",0.05263157894736842,0.827692307692308,0.05438988095238094,0.06954887218045112,1.0,1.0
Studio Sol,0.05263157894736842,0.6307692307692307,0.016815034619188922,0.08906882591093118,1.0,1.0
SwiftKey,0.47368421052631576,0.7415384615384615,0.21250000000000002,0.16497975708502025,0.0,1.0
Naxeex LLC,0.05263157894736842,0.5261538461538464,0.005806010928961748,0.045691150954308854,1.0,1.0
Paytm - One97 Communications Ltd.,0.05263157894736842,0.7784615384615385,0.09401041666666667,0.19838056680161947,1.0,1.0
GoPro,0.05263157894736842,0.9199999999999999,0.08682002314814814,0.08147773279352226,0.0,1.0
Cricbuzz.com,0.05263157894736842,0.7169230769230768,0.024251412429378526,0.49898785425101216,1.0,1.0
DUALSPACE,0.05263157894736842,0.7476923076923079,0.027673237753882918,0.011892712550607287,1.0,1.0
DVloper,0.05263157894736842,0.6000000000000001,0.014027387640449439,0.06060222672064778,1.0,1.0
Dailyhunt (Newshunt),0.05263157894736842,0.6246153846153848,0.01294070512820513,0.19838056680161947,1.0,1.0
Deezer Mobile,0.05263157894736842,0.870769230769231,0.07191310975609756,0.08147773279352226,1.0,1.0
"Defiant Technologies, LLC",0.05263157894736842,0.46461538461538465,0.0038736979166666616,0.004238360323886641,0.0,1.0
Discord Inc.,0.05263157894736842,0.7107692307692308,0.02173295454545455,0.02660497397339503,0.0,1.0
Disney,0.05263157894736842,0.7046153846153849,0.02634502923976608,0.10931174089068825,1.0,1.0
"Doctor Web, Ltd",0.05263157894736842,0.8338461538461539,0.050447154471544714,0.02127859900197722,1.0,1.0
Doodle Mobile Ltd.,0.05263157894736842,0.7230769230769236,0.028358997584541065,0.06477732793522267,1.0,1.0
"Dropbox, Inc.",0.47368421052631576,0.6307692307692307,0.16235955056179774,0.07505450015571473,0.0,1.0
Dubsmash Inc,0.05263157894736842,0.6492307692307695,0.01824822154471545,0.10931174089068825,0.0,1.0
Duolingo,0.05263157894736842,0.907692307692308,0.13886138613861387,1.0,1.0,1.0
Elokence,0.05263157894736842,0.6492307692307695,0.019078947368421056,0.10931174089068825,1.0,1.0
Emoji Keyboard & Sticker Design Team,0.05263157894736842,0.7723076923076926,0.0358468286099865,0.031376518218623486,1.0,1.0
Etermax,0.05263157894736842,0.606153846153846,0.0302627487562189,1.0,1.0,1.0
Evernote Corporation,0.05263157894736842,0.5938461538461541,0.011647727272727268,0.056918313884258165,0.0,1.0
FaceApp Inc,0.05263157894736842,0.8400000000000003,0.06291899441340783,0.08906882591093118,1.0,1.0
Fast Free Games,0.05263157894736842,0.4523076923076923,0.0037861915367483276,0.015251989389920425,1.0,1.0
Flipkart,0.05263157894736842,0.7907692307692309,0.12756558641975307,1.0,1.0,1.0
FunDevs LLC,0.05263157894736842,0.7476923076923079,0.027002068557919617,0.016531713900134956,1.0,1.0
GARENA INTERNATIONAL I PRIVATE LIMITED,0.47368421052631576,0.6984615384615389,0.3030849358974359,1.0,0.0,1.0
GOMO Live,0.05263157894736842,0.7723076923076926,0.09793244949494949,0.49898785425101216,1.0,1.0
Gametion Technologies Pvt Ltd,0.05263157894736842,0.6246153846153848,0.020110410094637224,1.0,1.0,1.0
Gamma Gaana Ltd,0.05263157894736842,0.8153846153846156,0.05972972972972973,0.12322874493927126,1.0,1.0
Gamma Play,0.05263157894736842,0.7600000000000002,0.03176685750636132,0.024344768804602603,1.0,1.0
Gismart,0.05263157894736842,0.5692307692307694,0.009372349448685327,0.33198380566801616,1.0,1.0
Creative Mobile Games,0.05263157894736842,0.7476923076923079,0.037925347222222225,0.07505450015571473,1.0,1.0
Club Factory,0.05263157894736842,0.5261538461538464,0.007203389830508479,0.056918313884258165,0.0,1.0
City Games LLC,0.05263157894736842,0.7723076923076926,0.03280846253229974,0.028340080971659923,1.0,1.0
BANDAI NAMCO Entertainment America Inc.,0.05263157894736842,0.4892307692307689,0.004770738203957382,0.017245406415446904,1.0,1.0
APUS Group,0.05263157894736842,0.7784615384615385,0.07669851380042463,0.33198380566801616,1.0,1.0
AVG Mobile,0.05263157894736842,0.913846153846154,0.12607033639143733,0.16497975708502025,1.0,1.0
"Activision Publishing, Inc.",0.0,0.7969230769230768,0.0009512741046831946,0.12322874493927126,1.0,1.0
Alibaba Mobile,0.05263157894736842,0.8646153846153846,0.13547734627831715,0.49898785425101216,0.0,1.0
AnchorFree GmbH,0.05263157894736842,0.5507692307692311,0.008588541666666664,0.030299072743894477,1.0,1.0
Andrzej Chomiak,0.05263157894736842,0.39076923076923054,0.003354441997063147,0.19838056680161947,0.0,1.0
"Apple, Inc.",0.05263157894736842,0.7046153846153849,0.033611111111111105,0.16497975708502025,0.0,1.0
Appliqato,0.05263157894736842,0.39076923076923054,0.0035259955752212357,0.04807692307692309,1.0,1.0
Atomic Infoapps,0.05263157894736842,0.6861538461538461,0.018743589743589743,0.027447011193141226,1.0,1.0
"Audible, Inc",0.05263157894736842,0.8400000000000003,0.050868055555555555,0.12322874493927126,0.0,1.0
Avast Software,0.05263157894736842,0.8953846153846152,0.12035398230088494,0.14112203585887798,1.0,1.0
AxesInMotion Racing,0.05263157894736842,0.6000000000000001,0.014875,0.08906882591093118,1.0,1.0
BBM .,0.05263157894736842,0.6738461538461542,0.10768970189701897,0.16497975708502025,1.0,1.0
Chess Prince,0.05263157894736842,0.6861538461538461,0.01993579664570231,0.14112203585887798,1.0,1.0
Badoo,0.05263157894736842,0.6492307692307695,0.029059829059829054,0.10931174089068825,1.0,1.0
Baviux,0.05263157894736842,0.7846153846153849,0.03854166666666667,0.06060222672064778,1.0,1.0
Best Cool and Fun Games,0.05263157894736842,0.5384615384615383,0.007306836569579284,0.029288967611336036,1.0,1.0
Big Duck Games LLC,0.05263157894736842,0.7723076923076926,0.034711155378486055,0.06060222672064778,1.0,1.0
BitMango,0.05263157894736842,0.6676923076923074,0.018577453987730065,0.07505450015571473,1.0,1.0
"BitTorrent, Inc.",0.05263157894736842,0.870769230769231,0.102099609375,0.14112203585887798,1.0,1.0
Bitstrips,0.05263157894736842,0.8400000000000003,0.07061997991967872,0.16497975708502025,0.0,1.0
Booking.com Hotels & Vacation Rentals,0.05263157894736842,0.9446153846153846,0.10886270491803278,0.33198380566801616,0.0,1.0
Bubble Shooter,0.05263157894736842,0.5815384615384618,0.00983290488431876,0.018016194331983808,1.0,1.0
Budge Studios,0.05263157894736842,0.5076923076923077,0.00495508409785933,0.01004829032730111,1.0,1.0
CASUAL AZUR GAMES,0.05263157894736842,0.5507692307692311,0.006593078758949884,0.011702068659530808,1.0,1.0
Canva,0.0,0.8953846153846152,7.140456989247063e-05,1.0,0.0,1.0
Glu,0.05263157894736842,0.7292307692307696,0.04281481481481482,0.06477732793522267,1.0,1.0
Grab Holdings,0.05263157894736842,0.8153846153846156,0.09496913580246914,0.33198380566801616,0.0,1.0
PayPal Mobile,0.05263157894736842,0.7476923076923079,0.02953567035670357,0.08906882591093118,0.0,1.0
HIPSTER WHALE,0.05263157894736842,0.8400000000000003,0.0894208037825059,0.08147773279352226,1.0,1.0
MOUNTAIN GAME,0.05263157894736842,0.7353846153846155,0.02977623456790124,0.06954887218045112,1.0,1.0
MX Media & Entertainment (formerly J2 Interactive),0.47368421052631576,0.7292307692307696,0.2273009950248756,0.33198380566801616,1.0,1.0
Mediocre,0.05263157894736842,0.8092307692307692,0.07391304347826086,0.10931174089068825,0.0,1.0
Meitu (China) Limited,0.05263157894736842,0.7661538461538462,0.05578583765112263,0.14112203585887798,1.0,1.0
Melsoft Games,0.0,0.8646153846153846,0.0006531762295081955,0.06060222672064778,1.0,1.0
Mercado Libre,0.05263157894736842,0.9630769230769234,0.14060416666666664,0.24848178137651825,0.0,1.0
Mirmay Limited,0.05263157894736842,0.6369230769230767,0.014306732580037666,0.02660497397339503,1.0,1.0
Mobigame S.A.R.L.,0.05263157894736842,0.7415384615384615,0.05722587719298246,0.19838056680161947,1.0,1.0
"Mobile, ASUSTek Computer Inc.",0.05263157894736842,0.8830769230769233,0.057716049382716045,0.013391466832762381,0.0,1.0
Mobiuspace Tech Top Player,0.05263157894736842,0.9199999999999999,0.08767482517482517,0.053643724696356275,1.0,1.0
Moonton,0.05263157894736842,0.6800000000000002,0.1371527777777778,0.33198380566801616,1.0,1.0
Mozilla,0.05263157894736842,0.7292307692307696,0.03823221757322175,0.04807692307692309,0.0,1.0
Natenai Ariyatrakool,0.05263157894736842,0.6246153846153848,0.014166666666666668,0.05071382910718091,1.0,1.0
Naxeex Studio,0.05263157894736842,0.4892307692307689,0.004679195140470764,0.007610557458735597,1.0,1.0
"Netflix, Inc.",0.47368421052631576,0.7723076923076926,0.24848790322580644,0.49898785425101216,0.0,1.0
"Niantic, Inc.",0.05263157894736842,0.606153846153846,0.07741720085470084,1.0,0.0,1.0
Nikolay Ananiev,0.05263157894736842,0.7969230769230768,0.06751949317738791,0.08906882591093118,1.0,1.0
"Nintendo Co., Ltd.",0.05263157894736842,0.2676923076923079,0.0019550601556970956,0.016531713900134956,0.0,1.0
Nordcurrent,0.05263157894736842,0.7169230769230768,0.03980591168091169,0.08906882591093118,1.0,1.0
Notes,0.05263157894736842,0.9569230769230774,0.1125,0.14112203585887798,0.0,1.0
Novi Digital,0.05263157894736842,0.5446153846153847,0.02286837748344371,0.33198380566801616,1.0,1.0
OGQ,0.05263157894736842,0.8153846153846156,0.05485042735042735,0.12322874493927126,1.0,1.0
OLX Global B.V.,0.05263157894736842,0.6676923076923074,0.02046296296296296,0.07505450015571473,1.0,1.0
Odnoklassniki Ltd,0.05263157894736842,0.6615384615384614,0.020820021299254525,0.06477732793522267,1.0,1.0
Ookla,0.05263157894736842,0.7292307692307696,0.026562500000000003,0.02366863905325444,1.0,1.0
PSafe,0.05263157894736842,0.8215384615384616,0.09998397435897437,0.12322874493927126,1.0,1.0
Pandora,0.05263157894736842,0.6307692307692307,0.019762277951933124,0.14112203585887798,1.0,1.0
MOBIZEN,0.05263157894736842,0.5938461538461541,0.013342566943674979,0.10931174089068825,1.0,1.0
Lowtech Studios,0.05263157894736842,0.5569230769230771,0.01891075102880658,0.10931174089068825,1.0,1.0
Lookout Mobile Security,0.05263157894736842,0.5200000000000005,0.005709696261682239,0.019295374278576964,0.0,1.0
Joom,0.05263157894736842,0.8953846153846152,0.09306569343065692,0.08906882591093118,0.0,1.0
Hago Games,0.05263157894736842,0.6738461538461542,0.03125789141414141,0.09817813765182187,1.0,1.0
Helo Holdings Limited,0.05263157894736842,0.8092307692307692,0.04800552922590838,0.056918313884258165,1.0,1.0
Hike Private Limited,0.05263157894736842,0.7230769230769236,0.03307392996108949,0.06954887218045112,0.0,1.0
"Huawei Technologies Co., Ltd.",0.05263157894736842,0.49538461538461576,0.004588068181818179,0.0017286084701815044,0.0,1.0
Hyperconnect inc,0.05263157894736842,0.5200000000000005,0.006393507521773555,0.03376229034123771,1.0,1.0
IGG.COM,0.05263157894736842,0.5692307692307694,0.017601656626506028,0.24848178137651825,0.0,1.0
IMDb,0.05263157894736842,0.870769230769231,0.05674083769633509,0.024344768804602603,1.0,1.0
"INTSIG Information Co.,Ltd",0.05263157894736842,0.9446153846153846,0.10653561827956988,0.09817813765182187,1.0,1.0
Indeed Jobs,0.05263157894736842,0.8092307692307692,0.04351644245142003,0.16497975708502025,1.0,1.0
Innovative Connecting,0.05263157894736842,0.8584615384615386,0.08854166666666667,0.08147773279352226,1.0,1.0
J-PARK,0.05263157894736842,0.6430769230769231,0.013751163873370581,0.011702068659530808,1.0,1.0
"JP Brothers, Inc.",0.05263157894736842,0.7538461538461543,0.0460744598765432,0.10931174089068825,1.0,1.0
KWAI,0.05263157894736842,0.8338461538461539,0.047612028301886794,0.041541982045414545,1.0,1.0
LinkedIn,0.47368421052631576,0.6615384615384614,0.1741319444444444,0.49898785425101216,1.0,1.0
"Kabam Games, Inc.",0.05263157894736842,0.6861538461538461,0.02722419928825623,0.03508771929824562,0.0,1.0
Kakao Corporation,0.05263157894736842,0.5015384615384617,0.007725694444444445,0.041541982045414545,1.0,1.0
Kaspersky Lab,0.0,1.0,0.0008762886597938127,0.06954887218045112,0.0,1.0
Kik Interactive,0.05263157894736842,0.5261538461538464,0.00869883040935672,0.036515104328869515,1.0,1.0
KineMaster Corporation,0.05263157894736842,0.7415384615384615,0.033341471354166666,0.12322874493927126,1.0,1.0
Kingsoft Office Software Corporation Limited,0.05263157894736842,0.6861538461538461,0.022295081967213116,0.06954887218045112,1.0,1.0
Kolibri Games,0.0,0.907692307692308,0.0005059523809523847,0.14112203585887798,1.0,1.0
LBE Tech,0.05263157894736842,0.8338461538461539,0.08514554794520547,0.24848178137651825,1.0,1.0
LINKSURE NETWORK HOLDING PTE. LIMITED,0.05263157894736842,0.7415384615384615,0.03613651761517615,0.06060222672064778,1.0,1.0
Lazada Mobile,0.05263157894736842,0.7907692307692309,0.08432539682539682,0.16497975708502025,0.0,1.0
Life.Church,0.05263157894736842,0.9446153846153846,0.11005509641873278,0.49898785425101216,0.0,1.0
Linerock Investments LTD,0.05263157894736842,0.7907692307692309,0.04495814307458143,0.07505450015571473,1.0,1.0
ola,0.05263157894736842,0.3353846153846156,0.0024372759856630816,0.16497975708502025,0.0,1.0
